# id	pubchem_query	group	en	ru	uz	incb_name
ethanol	ethanol	alcohols_volatiles	Ethanol	Этанол	Etanol	
methanol	methanol	alcohols_volatiles	Methanol	Метанол	Metanol	
isopropanol	isopropyl alcohol	alcohols_volatiles	Isopropanol	Изопропанол	Izopropanol	
acetone	acetone	alcohols_volatiles	Acetone	Ацетон	Aseton	
ethylene-glycol	ethylene glycol	alcohols_volatiles	Ethylene glycol	Этиленгликоль	Etilenglikol	
diethylene-glycol	diethylene glycol	alcohols_volatiles	Diethylene glycol	Диэтиленгликоль	Dietilenglikol	
toluene	toluene	alcohols_volatiles	Toluene	Толуол	Toluol	
butane	butane	alcohols_volatiles	Butane	Бутан	Butan	
chloroform	chloroform	alcohols_volatiles	Chloroform	Хлороформ	Xloroform	
difluoroethane	1,1-difluoroethane	alcohols_volatiles	1,1-Difluoroethane	1,1-Дифторэтан	1,1-Diftoretan	
carbon-monoxide	carbon monoxide	toxic_gases	Carbon monoxide	Угарный газ	Is gazi (uglerod monoksidi)	
hydrogen-cyanide	hydrogen cyanide	toxic_gases	Hydrogen cyanide	Циановодород	Vodorod sianid	
hydrogen-sulfide	hydrogen sulfide	toxic_gases	Hydrogen sulfide	Сероводород	Vodorod sulfid	
phosphine	phosphine	toxic_gases	Phosphine	Фосфин	Fosfin	
nitrous-oxide	nitrous oxide	toxic_gases	Nitrous oxide	Закись азота	Azot (I) oksidi	
morphine	morphine	opioids	Morphine	Морфин	Morfin	MORPHINE
codeine	codeine	opioids	Codeine	Кодеин	Kodein	CODEINE
heroin	diamorphine	opioids	Heroin (diacetylmorphine)	Героин (диацетилморфин)	Geroin (diatsetilmorfin)	HEROIN
6-mam	6-monoacetylmorphine	opioids	6-Monoacetylmorphine (6-MAM)	6-Моноацетилморфин (6-МАМ)	6-Monoatsetilmorfin (6-MAM)	
hydrocodone	hydrocodone	opioids	Hydrocodone	Гидрокодон	Gidrokodon	HYDROCODONE
hydromorphone	hydromorphone	opioids	Hydromorphone	Гидроморфон	Gidromorfon	HYDROMORPHONE
oxycodone	oxycodone	opioids	Oxycodone	Оксикодон	Oksikodon	OXYCODONE
oxymorphone	oxymorphone	opioids	Oxymorphone	Оксиморфон	Oksimorfon	OXYMORPHONE
methadone	methadone	opioids	Methadone	Метадон	Metadon	METHADONE
buprenorphine	buprenorphine	opioids	Buprenorphine	Бупренорфин	Buprenorfin	BUPRENORPHINE
tramadol	tramadol	opioids	Tramadol	Трамадол	Tramadol	
tapentadol	tapentadol	opioids	Tapentadol	Тапентадол	Tapentadol	
fentanyl	fentanyl	opioids	Fentanyl	Фентанил	Fentanil	FENTANYL
norfentanyl	norfentanyl	opioids	Norfentanyl	Норфентанил	Norfentanil	
carfentanil	carfentanil	opioids	Carfentanil	Карфентанил	Karfentanil	CARFENTANIL
acetylfentanyl	acetylfentanyl	opioids	Acetylfentanyl	Ацетилфентанил	Atsetilfentanil	ACETYLFENTANYL
furanylfentanyl	furanylfentanyl	opioids	Furanylfentanyl	Фуранилфентанил	Furanilfentanil	FURANYLFENTANYL
sufentanil	sufentanil	opioids	Sufentanil	Суфентанил	Sufentanil	SUFENTANIL
alfentanil	alfentanil	opioids	Alfentanil	Альфентанил	Alfentanil	ALFENTANIL
isotonitazene	isotonitazene	opioids	Isotonitazene	Изотонитазен	Izotonitazen	ISOTONITAZENE
metonitazene	metonitazene	opioids	Metonitazene	Метонитазен	Metonitazen	METONITAZENE
protonitazene	protonitazene	opioids	Protonitazene	Протонитазен	Protonitazen	PROTONITAZENE
etonitazene	etonitazene	opioids	Etonitazene	Этонитазен	Etonitazen	ETONITAZENE
etonitazepyne	etonitazepyne	opioids	Etonitazepyne (N-pyrrolidino etonitazene)	Этонитазепин	Etonitazepin	ETONITAZEPYNE
mitragynine	mitragynine	opioids	Mitragynine (kratom)	Митрагинин (кратом)	Mitraginin (kratom)	
loperamide	loperamide	opioids	Loperamide	Лоперамид	Loperamid	
dextromethorphan	dextromethorphan	opioids	Dextromethorphan	Декстрометорфан	Dekstrometorfan	
cocaine	cocaine	stimulants	Cocaine	Кокаин	Kokain	COCAINE
benzoylecgonine	benzoylecgonine	stimulants	Benzoylecgonine	Бензоилэкгонин	Benzoilekgonin	
cocaethylene	cocaethylene	stimulants	Cocaethylene	Кокаэтилен	Kokaetilen	
amphetamine	amphetamine	stimulants	Amphetamine	Амфетамин	Amfetamin	AMFETAMINE
methamphetamine	methamphetamine	stimulants	Methamphetamine	Метамфетамин	Metamfetamin	METAMFETAMINE
mdma	3,4-methylenedioxymethamphetamine	stimulants	MDMA	МДМА	MDMA	MDMA
mda	3,4-methylenedioxyamphetamine	stimulants	MDA	МДА	MDA	MDA
mdea	3,4-methylenedioxy-N-ethylamphetamine	stimulants	MDEA	МДЕА	MDEA	MDEA
mephedrone	mephedrone	stimulants	Mephedrone (4-MMC)	Мефедрон (4-ММС)	Mefedron (4-MMC)	MEPHEDRONE
mdpv	methylenedioxypyrovalerone	stimulants	MDPV	МДПВ	MDPV	MDPV
alpha-pvp	alpha-pyrrolidinovalerophenone	stimulants	α-PVP	α-PVP	α-PVP	alpha-PVP
methylphenidate	methylphenidate	stimulants	Methylphenidate	Метилфенидат	Metilfenidat	METHYLPHENIDATE
cathinone	cathinone	stimulants	Cathinone	Катинон	Katinon	CATHINONE
ephedrine	ephedrine	stimulants	Ephedrine	Эфедрин	Efedrin	
thc	dronabinol	cannabinoids	Δ9-Tetrahydrocannabinol (THC)	Δ9-Тетрагидроканнабинол (ТГК)	Δ9-Tetragidrokannabinol (THC)	delta-9-tetrahydro-
11-oh-thc	11-hydroxy-delta9-tetrahydrocannabinol	cannabinoids	11-Hydroxy-THC	11-Гидрокси-ТГК	11-Gidroksi-THC	
thc-cooh	11-nor-9-carboxy-delta9-tetrahydrocannabinol	cannabinoids	THC-COOH	ТГК-COOH	THC-COOH	
cbd	cannabidiol	cannabinoids	Cannabidiol (CBD)	Каннабидиол (КБД)	Kannabidiol (CBD)	
jwh-018	JWH-018	cannabinoids	JWH-018	JWH-018	JWH-018	JWH-018
mdmb-4en-pinaca	MDMB-4en-PINACA	cannabinoids	MDMB-4en-PINACA	MDMB-4en-PINACA	MDMB-4en-PINACA	MDMB-4en-PINACA
adb-butinaca	ADB-BUTINACA	cannabinoids	ADB-BUTINACA	ADB-BUTINACA	ADB-BUTINACA	ADB-BUTINACA
ketamine	ketamine	hallucinogens_dissociatives	Ketamine	Кетамин	Ketamin	
pcp	phencyclidine	hallucinogens_dissociatives	Phencyclidine (PCP)	Фенциклидин (PCP)	Fensiklidin (PCP)	PHENCYCLIDINE
lsd	lysergide	hallucinogens_dissociatives	LSD (lysergide)	ЛСД (лизергид)	LSD (lizergid)	LSD
psilocybin	psilocybin	hallucinogens_dissociatives	Psilocybin	Псилоцибин	Psilotsibin	PSILOCYBINE
ghb	4-hydroxybutanoic acid	hallucinogens_dissociatives	GHB (γ-hydroxybutyrate)	ГОМК (γ-гидроксибутират)	GHB (γ-gidroksibutirat)	GHB
2c-b	2C-B	hallucinogens_dissociatives	2C-B	2C-B	2C-B	2C-B
alprazolam	alprazolam	benzodiazepines	Alprazolam	Алпразолам	Alprazolam	ALPRAZOLAM
diazepam	diazepam	benzodiazepines	Diazepam	Диазепам	Diazepam	DIAZEPAM
nordiazepam	nordazepam	benzodiazepines	Nordiazepam	Нордазепам	Nordiazepam	NORDAZEPAM
oxazepam	oxazepam	benzodiazepines	Oxazepam	Оксазепам	Oksazepam	OXAZEPAM
temazepam	temazepam	benzodiazepines	Temazepam	Темазепам	Temazepam	TEMAZEPAM
lorazepam	lorazepam	benzodiazepines	Lorazepam	Лоразепам	Lorazepam	LORAZEPAM
clonazepam	clonazepam	benzodiazepines	Clonazepam	Клоназепам	Klonazepam	CLONAZEPAM
7-aminoclonazepam	7-aminoclonazepam	benzodiazepines	7-Aminoclonazepam	7-Аминоклоназепам	7-Aminoklonazepam	
midazolam	midazolam	benzodiazepines	Midazolam	Мидазолам	Midazolam	MIDAZOLAM
flunitrazepam	flunitrazepam	benzodiazepines	Flunitrazepam	Флунитразепам	Flunitrazepam	FLUNITRAZEPAM
phenazepam	phenazepam	benzodiazepines	Phenazepam	Феназепам	Fenazepam	phenazepam
etizolam	etizolam	benzodiazepines	Etizolam	Этизолам	Etizolam	etizolam
bromazolam	bromazolam	benzodiazepines	Bromazolam	Бромазолам	Bromazolam	bromazolam
flualprazolam	flualprazolam	benzodiazepines	Flualprazolam	Флуалпразолам	Flualprazolam	flualprazolam
zolpidem	zolpidem	sedatives_hypnotics	Zolpidem	Золпидем	Zolpidem	ZOLPIDEM
zopiclone	zopiclone	sedatives_hypnotics	Zopiclone	Зопиклон	Zopiklon	
phenobarbital	phenobarbital	barbiturates	Phenobarbital	Фенобарбитал	Fenobarbital	PHENOBARBITAL
pentobarbital	pentobarbital	barbiturates	Pentobarbital	Пентобарбитал	Pentobarbital	PENTOBARBITAL
secobarbital	secobarbital	barbiturates	Secobarbital	Секобарбитал	Sekobarbital	SECOBARBITAL
butalbital	butalbital	barbiturates	Butalbital	Буталбитал	Butalbital	BUTALBITAL
amitriptyline	amitriptyline	antidepressants	Amitriptyline	Амитриптилин	Amitriptilin	
nortriptyline	nortriptyline	antidepressants	Nortriptyline	Нортриптилин	Nortriptilin	
imipramine	imipramine	antidepressants	Imipramine	Имипрамин	Imipramin	
doxepin	doxepin	antidepressants	Doxepin	Доксепин	Doksepin	
citalopram	citalopram	antidepressants	Citalopram	Циталопрам	Sitalopram	
sertraline	sertraline	antidepressants	Sertraline	Сертралин	Sertralin	
fluoxetine	fluoxetine	antidepressants	Fluoxetine	Флуоксетин	Fluoksetin	
venlafaxine	venlafaxine	antidepressants	Venlafaxine	Венлафаксин	Venlafaksin	
mirtazapine	mirtazapine	antidepressants	Mirtazapine	Миртазапин	Mirtazapin	
trazodone	trazodone	antidepressants	Trazodone	Тразодон	Trazodon	
bupropion	bupropion	antidepressants	Bupropion	Бупропион	Bupropion	
olanzapine	olanzapine	antipsychotics	Olanzapine	Оланзапин	Olanzapin	
quetiapine	quetiapine	antipsychotics	Quetiapine	Кветиапин	Kvetiapin	
clozapine	clozapine	antipsychotics	Clozapine	Клозапин	Klozapin	
haloperidol	haloperidol	antipsychotics	Haloperidol	Галоперидол	Galoperidol	
risperidone	risperidone	antipsychotics	Risperidone	Рисперидон	Risperidon	
chlorpromazine	chlorpromazine	antipsychotics	Chlorpromazine	Хлорпромазин	Xlorpromazin	
carbamazepine	carbamazepine	anticonvulsants	Carbamazepine	Карбамазепин	Karbamazepin	
valproic-acid	valproic acid	anticonvulsants	Valproic acid	Вальпроевая кислота	Valproy kislota	
lamotrigine	lamotrigine	anticonvulsants	Lamotrigine	Ламотриджин	Lamotridjin	
phenytoin	phenytoin	anticonvulsants	Phenytoin	Фенитоин	Fenitoin	
pregabalin	pregabalin	anticonvulsants	Pregabalin	Прегабалин	Pregabalin	
gabapentin	gabapentin	anticonvulsants	Gabapentin	Габапентин	Gabapentin	
paracetamol	acetaminophen	pharmaceuticals	Paracetamol (acetaminophen)	Парацетамол (ацетаминофен)	Paratsetamol (atsetaminofen)	
salicylic-acid	salicylic acid	pharmaceuticals	Salicylic acid (aspirin metabolite)	Салициловая кислота	Salitsil kislota	
ibuprofen	ibuprofen	pharmaceuticals	Ibuprofen	Ибупрофен	Ibuprofen	
diphenhydramine	diphenhydramine	pharmaceuticals	Diphenhydramine	Дифенгидрамин	Difengidramin	
digoxin	digoxin	pharmaceuticals	Digoxin	Дигоксин	Digoksin	
metformin	metformin	pharmaceuticals	Metformin	Метформин	Metformin	
propranolol	propranolol	pharmaceuticals	Propranolol	Пропранолол	Propranolol	
verapamil	verapamil	pharmaceuticals	Verapamil	Верапамил	Verapamil	
colchicine	colchicine	pharmaceuticals	Colchicine	Колхицин	Kolxitsin	
lidocaine	lidocaine	pharmaceuticals	Lidocaine	Лидокаин	Lidokain	
xylazine	xylazine	adulterants	Xylazine	Ксилазин	Ksilazin	
levamisole	levamisole	adulterants	Levamisole	Левамизол	Levamizol	
chlorpyrifos	chlorpyrifos	pesticides	Chlorpyrifos	Хлорпирифос	Xlorpirifos	
aluminium-phosphide	aluminum phosphide	pesticides	Aluminium phosphide	Фосфид алюминия	Alyuminiy fosfid	
paraquat	paraquat	pesticides	Paraquat	Паракват	Parakvat	
glyphosate	glyphosate	pesticides	Glyphosate	Глифосат	Glifosat	
diazinon	diazinon	pesticides	Diazinon	Диазинон	Diazinon	
malathion	malathion	pesticides	Malathion	Малатион	Malation	
parathion	parathion	pesticides	Parathion	Паратион	Paration	
carbofuran	carbofuran	pesticides	Carbofuran	Карбофуран	Karbofuran	
aldicarb	aldicarb	pesticides	Aldicarb	Альдикарб	Aldikarb	
strychnine	strychnine	pesticides	Strychnine	Стрихнин	Strixnin	
brodifacoum	brodifacoum	pesticides	Brodifacoum	Бродифакум	Brodifakum	
arsenic-trioxide	arsenic trioxide	metals_inorganic	Arsenic trioxide	Триоксид мышьяка	Margimush trioksidi	
thallium-sulfate	thallium(I) sulfate	metals_inorganic	Thallium(I) sulfate	Сульфат таллия(I)	Talliy(I) sulfat	
